CDS ID,CDS
1,MSGSMSSVFSLLYLLSVCSACYISNCPIGGKRAVQDLPSRQCMSCGPGDRGRCFGPSICCGEGLGCLLGSPETLRCQEEDFLPSPCEAGGKMCGYEGRCAAPGVCCDSEGCSMDQSCVNGDATAFGQPDLLLKLLHLSNHAHPYRLHQ
2,MAGPSLACCLLGLLALTSACYIQNCPLGGKRAVLDLDVRKCLPCGPGGKGRCFGPSICCGDELGCFVGTAEALRCQEENYLPSPCQSGQKPCGSEGRCAAAGICCNPDGCRFDPACDPEATFSQR
3,CYIQSCPIG
4,CYIQNCPLG
5,MSDSFLPTCILCLLALSSACYIQNCPRGGKRSQPDTSRECVSCGPGNAGRCYGPSICCGAALGCLVGSPETMSCMEENHLPSPCETGGRPCGDEGRCAAPGVCCDSVSCVMDSECLEDVRSDQSEDPSRLKTVSGEILLRLLNLASRGRRDF
6,MPDATLPACFLGLLALTSACYFQNCPKGGKRAMSDLELRQCLPCGPGGKGRCFGPSICCGDELGCFVGTAEALRCQEENYLPSPCQSGQKPCGSGGRCAAAGICCNDESCVTEPECREGASFLRRARASDRSNATLLDGPSGALLLRLVQLAGAPEPAEPAQPGVY
7,MAGSSLACCLLGLLALTSACYIQNCPLGGKRAVLDLDVRTCLPCGPGGKGRCFGPSICCGDELGCFVGTAEALRCREENYLPSPCQSGQKPCGSGGRCAAAGICCSPDGCHADPACDPEAAFSQH
8,MLAMMLNTTLSACFLSLLALTSACYFQNCPRGGKRATSDMELRQCLPCGPGGKGRCFGPSICCADELGCFLGTAEALRCQEENYLPSPCQSGQKPCGSGGRCAAAGICCSDESCVAEPECREGFFRLTRAREQSNATQLDGPARELLLRLVQLAGTQESVDSAKPRVY
9,CFIRNCPP
10,MFGTSVSALCLLFLLSVCTACYISNCPIGGKRSALAFPSRKCMACGPGDRGRCFGPNICCGEGMGCYVGSPEAAGCVEENYLPSPCEAGGRVCGSEEGRCAAPGICCDVEGCSIDQSCTEEDEAEYISQSVSSSHGHDLLMKLLNMISHTPPHRVHK
11,CYIQNCPRGGKRSYPDTAVPQCIPCGP
12,CIIRNCPRG
13,CLITNCPRG
14,MAGPSLACCLLGLLALTSACYIQNCPLGGKRAAPDLDVRKCLPCGPGGKGRCFGPNICCAEELGCFVGTAEALRCQEENYLPSPCQSGQKACGSGGRCAVLGLCCSPDGCHADPACDAEATFSQR
15,CYINNCPVG
16,MTGTAISVCLLFLLSVCSACYISNCPIGGKRSIMDAPQRKCMSCGPGDRGRCFGPGICCGESFGCLMGSPESARCAEENYLLTPCQAGGRPCGSEGGLCASSGLCCDAESCTMDQSCLSEEEGDERGSLFDGSDSGDVILKLLRLAGLTSPHQTH
17,MMSSLCGMPLTYLLTAAVLSLSLTDACFIRNCPKGGKRSLDTGMVTSRECMKCGPGGTGQCVGPSICCGQDFGCHVGTAEAAVCQQENDSSTPCLVKGEACGSRDAGNCVADGICCDSESCAVNDRCRDLDGNAQANRGDLIQLIHKLLKVRDYD
18,MLARMLNTTLSACFLSLLAFSSACYFQNCPRGGKRAISDMELRQCLPCGPGGKGRCFGPSICCADELGCFVGTAEALRCQEENYLPSPCQSGQKPCGSGGRCAAVGICCSDESCVAEPECHDGFFRLTRAREPSNATQLDGPARALLLRLVQLAGTRESVDSAKPRVY
19,CYIQNCPRG
20,CYIQNCPRGGKRSYPDTEVRQCIPCGPGNRGNCFGPNICCGEDLGCYIGTPETLRCVEENYLPSPCEAGGKPCGAGGRCAAPGVCCNDQSCTMDSSCLDEDSERQRVSPDQNMTQMNGSASDLLLRLMHMANRQQQQTKHY
21,CLIQDCPEG
22,CFVRNCPTG
23,CYISNCPIG
24,MSIPFIDSGSTHSHHLANLGIKLSPGGGGAIGGSANIGAGMQLPPGTEASSQQHHHFHHQGYPPHHPHAPTHMPHMSHHMGHPGYPTRDFILRREEYNTVSPTTPEGGLGLFSPLHHDGTTMQQFPHHPSQHALAGHYTGQYPQDTRLPPHHQYLSSPHLAPASIHQQHPTVTHASHQGAFFRYMRTNSAGGPAAAIGTVGSGQRKEMSCMWVDPDAPGSAAKICSKVFTTLNDIVAHLTVDHVGGPECTTHACFWQGCPRNGRAFKAKYKLVNHIRVHTGEKPFACPYTSCGKVFARSENLKIHKRTHTGEKPFKCEYDGCERRFANSSDRKKHSHVHTSDKPYNCRINGCEKSYTHPSSLRKHMKVHGVTGNEGKMGPYESESEESNSSASGSVSLSVTGNTESPQPTPIVPTTTTANLPPTSHPSTRAPDLEWYVCQPSTVGPQPGTLSTSLPGPPPPHHLSHHFNHQLMHHQAAY
25,MSYTALAVTFFGWLALSSACYIQNCPIGGKRSVIDFMDVRKCIPCGPRNKGHCFGPNICCGEELGCYFGTTETLRCQEENFLPSPCESGRKPCGNNGGNCARSGICCNHESCTMDPACEQDSVFS
26,MSVCAVLLLCVAGLLCLSSACYIQNCPRGGKRALLEPVSRQCLACGPGDKGRCLGPSICCGEEIGCLVGSPWMARCQEEEYLPSPCQTAGKLCGSDAGPCAAPGVCCGTEGCKLDPNCSEDSESEEPADQNTLGASPGELLLRLLHPNNRKHNQY
27,MPHSTLLLCVIGLLAFSSACYIQNCPRGGKRALQDTGIRQCMTCGPGDQGHCFGPSICCGEGLGCWMGSPETARCFEENYLPTPCQTGGRPCGSDAGRCAAPGVCCDSESCVLDPDCLSESRYHSPADHSAGATSDSPGELLLRLLHFATRGQSEYKQ
28,CYFRNCPIG
29,MPDSTIPLLCVLGLLALSSACYIQNCPRGGKRSFPDLKRPCMSCGPGNRGLCFGPSICCGEGMGCYMGSPEAASCVEENYLTSPCEVGGRVCGSEEGHCAAPGVCCDAESCLLDSDCLDDSKRQPPSEQYSSLMEGLAGDLLQWMLHATRRERPQ
30,MSGSMFSVFSLLYLLSVCSACYISNCPIGGKRAIQDSPSRQCMSCGPGDRGRCFGPSICCGEGLGCLLGSPETQRCLEEDFLPSPCEAGGKVCGYEGRCAAPGVCCDSEGCSVDQSCVDGDGDATAVSQPASSQDLLLKLLHLSNPAHPYRLHQ
31,CYISNCPQG
32,MTGAAVSVCLLYALSVCSACYISNCPIGGKRSIMDAPQRKCMSCGPGEQGRCFGPSICCGKDVGCWMGSPETAHCMEENYLPTPCQVGGRPCGSDTVRCASPGVCCDSEGCSADQSCFAEEEGDNQIGQSEGSNSADVILRLLHLADHTPPHRVHQ
33,CYINNCPLG
34,MACPSLACCLLGLLALTSACYIQNCPLGGKRAALDLDMRKCLPCGPGGKGRCFGPSICCADELGCFVGTAEALRCQEENYLPSPCQSGQKPCGSGGRCATAGICCSPDGCRTDPACDPESAFSER
35,MPDTMLPACFLGLLAFSSACYFQNCPRGGKRAMSDLELRQCLPCGPGGKGRCFGPSICCADELGCFVGTAEALRCQEENYLPSPCQSGQKACGSGGRCAAFGVCCNDESCVTEPECREGFHRRARASDRSNATQLDGPAGALLLRLVQLAGAPEPFEPAQPDAY
36,MACPSLACCLLGLLALTSACYIQNCPLGGKRAVLDLDMRKCLPCGPGGKGRCFGPSICCADELGCFVGTAEALRCQEENYLPSPCQSGQKPCGSGGRCAATGICCSPDGCRTDPACDPESAFSER
37,MPQCALLLSLLGLLALSSACYIQNCPRGGKRALPETGIRQCMSCGPRDRGRCFGPNICCGEALGCLMGSPETARCAGENYLLTPCQAGGRPCGSEGGRCAVSGLCCNSESCAVDSDCLGETESLEPGDSSADSSPTELLLRLLHMSSRGQSEY
38,MPYSTFPLLWVLGLLALSSACYIQNCPRGGKRSFPDLPRQCMSCGPGDRGRCFGPNICCGEGMGCYMGSPEAAGCVEENYLPSPCEAGGRVCGSEGSCAASGVCCDSESCVLDPDCLEDSKRQSPSEQNAALMGGLAGDLLRILHATSRGRPQ
39,MAFLVSNTMTSPALMVLLCCFLLIANGAHQSEACYGTNQKLQSLQVSAPANQPYLTSYHFRPPQNWINDPNGPMYYKGVYHLFYQYNPLGPLFGDKMIWAHSVSYDLINWIHLSHALCPSGPYDINSCWSGSVTILPGDKPFILYTGIDASGQQVQNLAMPENLSDPLLKDWVKFSGNPVMTPPNGVKDDMFRDPTTAWQAPDGRWRVLVGGQIDNEGMAFVYWSWDFIHWTKLDHPLYSVQETGMWECPDIFPVSINGTIGVDTSVLNPGVKHVLKTSLFSDKHDYYVLGTYDPQMDIFSPDTDFHGNSNDLRYDYGKFYASKTFFDSAKNRRVLWAWANESDSTQDDIDKGWSGVQTVPRAIWLDKSGKQLVQWPVEEIETLRGKQVSIHDKELGSGSIVEVSGITASQRLSSLTLLGLIHNNYAMIKMHQSKADSDLSVC
40,CYIQNCPLGGKRAALDLDVRKCLPCGPGGKGRCFGPSICCGDELGCFVGTAEALRCQEENYLPSPCQSGQKPCGSGGRCAAAGICCSPDGCLADPSCHDEAAFSQ
41,MSAMGWTLLAAALLAISAQSNGCYIQNCPRGGKRAVETELHSCAACGLGGQCVGPSICCGGLLGGGRGGGCIVGGPLSAPCKRENLHPEPCRPGGGSSCGLEGICAAPGICCTDVTCSIDATCDDVTEKAGVTFSGATGGLANPTGDLLRKVLLLANADLE
42,MKCSVLPRSRLSWTMCVLLLPLLMLMLEGGVQGCFIRNCPRGGKRAVDSVQPTRQCMSCGPEGVGQCVGPSICCGLAIGCLMGTSEAEVCQKENESSAPCAVSGRHCGMDNTGNCVADGICCVEDACSFNSLCR
43,MMSISVIEKEYADFSTMKKRLKWYDYGPDQVAQWLSALERQIFDFLGFQWAPILGNFLHIIVVILGLFGTIQYRPRYIVVYTVWTALWVTWNVFIICFYLEVGGLSKDTDLMTFNISVHRSWWREHGPGCVRRVLPPSAHGMMDDYTYVSVTGCIVDFQYLEVIHSAIQILLSLVGFVYACYVISIFMEEEDTFDFIGGLGAHSYCQDHVQLKPVNLSK
44,CYFNNCPVG
45,MAGSSLACCLLGLLALTSACYIQNCPLGGKRAVLDLDVRTCLPCGPGGKGRCFGPSICCGDELGCFVGTAEALRCQEENYLPSPCQSGQKPCGSGGRCAAAGICCSPDGCHEDPACDPEAAFSQH
46,MAEPSLPLSFLCLLALSSACYIQNCPRGGKRALGDTALRQCLPCGPGNRGRCFGPGICCGAELGCYLGTAETRRCAEEDYMPSPCQAGGQPCGSDGRCAANGVCCSADTCAMDAVCLEEGSEQAEEAAEKNLTVLDGAAGDLLLRLMHLANRQQQGKQPGL
47,CYIQNCLRV
48,MTRSAMQMGRLTLVLCLLLLLLLTTQACFIRNCPKGGKRDVDERYLFKACMSCSFGQCVGPRICCGPRGCEMGTAEANRCIEEDEDPIPCQVVGQHCDLNNPGNIHGNCVANGICCVDDTCTIHTGCL
49,CYFQNCPRGGKRALSDTELRQCLPCGPGGQGRCFGPSICCADALGCFVGTAEALRCQEENYLPSPCQSGQKPCGSGGRCAANGVCCNDESCVIEPECREEFHRPVRAGDRSNVTQLDGPAGALLLRLMQLAGAPEPQPAAPGGY
50,MASFVGPGRTGPGLRCWALVLLMLAEANWPVAAVSEPGKWDLDINSDLLKKQSYFFYTKTLFNNSMISLKFKSHNCNNSSQPSLDISWYLRSSRCYDEVFNLNVKGDESYFTSLSVEREGGTGFYSSHKYDTIHCEPNKLKTQLNLNDFEPINQLKPLQKAQPSTENTSGKRKREAPKPKSVKTNETDKDQKQVGNPGFDAVARSWDDGPYMFILKIEDKNQPPDPNNQWNLKLQISMKGPHGFISASEWPLMMFYMVMCIVYVLLAMLWLVLSACYWRDLLRIQFWIGGVIFLGMLEKAVYYAEFQSLRDEGVSVTGAVVFAEVLSAVKRTLARVLVIIASLGYGIVKPRLGALLHRVVGVGLLYLIFSIIEGILRVNADRGDNTSSRFLCDIVLAFTDSCVVWWIFVSLAQTMKLLRLRRNLVKLSLYRHFTNTLIFAVIASVIFIIWTTRTFRMSKCQSDWRELWIDDAFWRFLFSIILLVIMFLWRPSANNQRYAFSPLVDEESDEEEKEPMMNDAFEGVKMRGMKNEANGSTKANKVDEDLKWVEENIPSSMADVALPPLLDSDEETMTTKFEMSKME
51,TAPVPACFLCLLALSSACYIQNCPRGGKRSYPDTAVRQCIPCGPGNRGNCFGPNICCGEDLGCYVGTPETLRCVEETYLPSPCEAGGKPCSSGGRCAAPGVCCSDDTCVVDSSCLDEDSERRRVTPEQNMTQMDGSASDLLLRLMHMANRQQQSKHQFY
52,MKCSVLQMSRLSWTACVLLLPLLLLTLQGGVQGCFIRNCPRGGKRAVDSVQPTRQCMSCGPEGVGQCVGPSICCGLAIGCLMGTPEAEVCQKENESSAPCAVSGRHCGMDNTGNCVADGICCVEDACSFNSLCR
53,CYIQNCPVG
54,MNSSKSSASRCAEKGCFSHQGFFWAVAGASILFLSACFITRCVVTYQSFRTCGEKKLQPHEHFQEISCDNNGSGSVKNCCPLNWQHFQSSCYFFSTDTMTWPSSLKNCSGMGGHLVVINTEEEQEFLFYTKPKKKEYYIGLTDQVVEGQWQWVDSTPFSLSFWDVGEPNNIATLEDCTTIRDSSDPRRNWNDVTCFFSMLRVCEMPEINPLD
55,MFGTSVSALCLLFLLSVCTACYISNCPIGGKRSALAFPSRKCMSCGPGDRGRCFGPNICCGEGMGCYVGSPEAAGCVEENYLPSPCEVGGRVCGSEEGRCAAPGICCDVEGCSIDQSCTEEDEAEYISQSVSSSHGHDLLMKLLNMISHTPPHRVHK
56,MPDATLPACFLSLLAFTSACYFQNCPRGGKRAMSDLELRQCLPCGPGGKGRCFGPSICCGDELGCFVGTAEALRCQEENYLPSPCQSGQKPCGSGGRCAAAGICCNDESCVTEPECREGVGFPRRVRANDRSNATLLDGPSGALLLRLVQLAGAPEPAEPAQPGVY
